"conversation_id_str","created_at","favorite_count","full_text","id_str","lang","quote_count","reply_count","retweet_count","tweet_url"
"conversation_mbg_001","2026-09-21T11:32:22.000Z","0","@anon Stop mbg n kopdes, anak2 pinter dan nggk mampu sekolahin sampe jdi dokter biar berobat murah.","sample_mbg_001","in","0","0","0",""
"conversation_mbg_002","2026-09-21T11:31:42.000Z","0","@anon Kok semua di kaitkan dengan mbg, bukannya harga komoditas seperti ayam ini fluktuatif","sample_mbg_002","in","0","0","0",""
"conversation_mbg_003","2026-09-21T11:31:05.000Z","0","Moses loves chemistry and warns Pharaoh @anon

Even he was forced to live outside the palace @anon just to feed a goat in the oasis

Calling Indonesia rich is blatantly slander against Rakyat Jelata

Emyu baby gempa BANDUNG SPIRIT pray for Kalimantan fufufafa MBG 😹😆","sample_mbg_003","en","0","0","0",""
"conversation_mbg_004","2026-09-21T11:31:01.000Z","0","@anon 1.seharusnya seluruh sekolah menolak MBG.","sample_mbg_004","in","0","0","0",""
"conversation_mbg_005","2026-09-21T11:30:00.000Z","0","Mendag sebut program MBG jaga stabilitas pasokan bahan pokok 

 https://example.test/redacted","sample_mbg_005","in","0","0","0",""
