"conversation_id_str","created_at","favorite_count","full_text","id_str","lang","quote_count","reply_count","retweet_count","tweet_url"
"conversation_ckg_001","2026-09-21T04:38:14.000Z","1","@anon @anon There is no need for CKG in TN. It is better to hold it in bjp states.","sample_ckg_001","en","0","1","0",""
"conversation_ckg_002","2026-09-21T04:05:59.000Z","0","@anon Good to see..in fact great to see @anon (looser) leaders get triggered by CKG in Indore.👏👏👏👏

RaGa has hit the mark! 🎯

@anon 👌👌👌🌟🌟🌟","sample_ckg_002","en","0","0","0",""
"conversation_ckg_003","2026-09-21T03:51:38.000Z","0","@anon 喜んじゃって！！ヾ(*´∀｀*)ﾉｷｬｯｷｬ","sample_ckg_003","ja","1","0","0",""
"conversation_ckg_004","2026-09-21T03:33:01.000Z","1","@anon 10M views brooooo 😭😭😭😭

Still,lost #DelhiUnoversity election &amp; 99 other elections

Samay Raina videos have more views than this😭😭

Legit,BJP needs 3-4 more such CKG events for winning 2029 election with majority✌️ https://example.test/redacted","sample_ckg_004","en","0","0","1",""
"conversation_ckg_005","2026-09-21T03:30:36.000Z","0","Kesehatan adalah investasi terbaik!  Yuk, luangkan waktu setahun sekali untuk jaga kesehatan sejak dini lewat CKG. Langkah kecil hari ini demi masa depan yang lebih bugar dan bahagia. 
#CekKesehatanBerkala #JagaKesehatanSejakDini #HidupSehat https://example.test/redacted","sample_ckg_005","in","0","0","0",""
