"tweet_id","conversation_id","tweet_url","target_program","matched_keyword","raw_text","cleaned_text","language","published_at","collected_at","year_week","year_month","reply_count","retweet_count","like_count","quote_count","ingestion_run_id","schema_version","source_platform","is_duplicate","is_indonesian","is_relevant","is_eligible_for_labeling","quality_status","data_version","processed_at"
"sample_mbg_001","conversation_mbg_001","","mbg","mbg","@anon Stop mbg n kopdes, anak2 pinter dan nggk mampu sekolahin sampe jdi dokter biar berobat murah.","stop mbg n kopdes, anak2 pinter dan nggk mampu sekolahin sampe jdi dokter biar berobat murah.","in","2026-09-21T11:32:22Z","2026-09-21T18:32:12+07:00","2026-W39","2026-09","0","0","0","0","20260921T183212+0700","1","x","False","True","True","True","accepted","sha256:9c35850a5aaa0de3ddcb71f160f251f5f8a1db3e9c6de9661d2c036a12ee2278","2026-09-28T22:43:20.346225+07:00"
"sample_mbg_002","conversation_mbg_002","","mbg","mbg","@anon Kok semua di kaitkan dengan mbg, bukannya harga komoditas seperti ayam ini fluktuatif","kok semua di kaitkan dengan mbg, bukannya harga komoditas seperti ayam ini fluktuatif","in","2026-09-21T11:31:42Z","2026-09-21T18:32:12+07:00","2026-W39","2026-09","0","0","0","0","20260921T183212+0700","1","x","False","True","True","True","accepted","sha256:9c35850a5aaa0de3ddcb71f160f251f5f8a1db3e9c6de9661d2c036a12ee2278","2026-09-28T22:43:20.346225+07:00"
"sample_mbg_003","conversation_mbg_003","","mbg","mbg","Moses loves chemistry and warns Pharaoh @anon

Even he was forced to live outside the palace @anon just to feed a goat in the oasis

Calling Indonesia rich is blatantly slander against Rakyat Jelata

Emyu baby gempa BANDUNG SPIRIT pray for Kalimantan fufufafa MBG 😹😆","moses loves chemistry and warns pharaoh even he was forced to live outside the palace just to feed a goat in the oasis calling indonesia rich is blatantly slander against rakyat jelata emyu baby gempa bandung spirit pray for kalimantan fufufafa mbg 😹😆","en","2026-09-21T11:31:05Z","2026-09-21T18:32:12+07:00","2026-W39","2026-09","0","0","0","0","20260921T183212+0700","1","x","False","False","True","False","review_language","sha256:9c35850a5aaa0de3ddcb71f160f251f5f8a1db3e9c6de9661d2c036a12ee2278","2026-09-28T22:43:20.346225+07:00"
"sample_mbg_004","conversation_mbg_004","","mbg","mbg","@anon 1.seharusnya seluruh sekolah menolak MBG.","1.seharusnya seluruh sekolah menolak mbg.","in","2026-09-21T11:31:01Z","2026-09-21T18:32:12+07:00","2026-W39","2026-09","0","0","0","0","20260921T183212+0700","1","x","False","True","True","True","accepted","sha256:9c35850a5aaa0de3ddcb71f160f251f5f8a1db3e9c6de9661d2c036a12ee2278","2026-09-28T22:43:20.346225+07:00"
"sample_mbg_005","conversation_mbg_005","","mbg","mbg","Mendag sebut program MBG jaga stabilitas pasokan bahan pokok 

 https://example.test/redacted","mendag sebut program mbg jaga stabilitas pasokan bahan pokok","in","2026-09-21T11:30:00Z","2026-09-21T18:32:12+07:00","2026-W39","2026-09","0","0","0","0","20260921T183212+0700","1","x","False","True","True","True","accepted","sha256:9c35850a5aaa0de3ddcb71f160f251f5f8a1db3e9c6de9661d2c036a12ee2278","2026-09-28T22:43:20.346225+07:00"
